ecole_id,username,roles,password,last_name,first_name,telephone,email,is_active
13,rfed,"[""ROLE_USER""]","$argon2id$v=19$m=65536,t=4,p=1$UHRkZGtZNzlPZjBScERDdg$Umc+gG76HngOr4huELr/ukXfnkLQs/Q6/HBPVOYnNn0",fred,fred,04 43 74 88 57,fred2020@ecole-eni.fr,1
14,llie,"[""ROLE_USER""]","$argon2id$v=19$m=65536,t=4,p=1$SUxXM2VsMW9MaDVyVU1maQ$YvcSQukUw+X5w9GYtqeQeoaPrDxshFacPgviBYWjcvc",leslie,leslie,+33 (0)1 09 78 71 26,leslie2020@ecole-eni.fr,1
15,jaent,"[""ROLE_USER""]","$argon2id$v=19$m=65536,t=4,p=1$TVFqZDNrekRUei9YSThUZQ$IhS3/TcSvqZJLCyAZ8ZloYZxJqZuqjR2Sk7V0yuwUlk",janet,janet,+33 (0)6 19 54 97 27,janet2020@ecole-eni.fr,1
16,anedra,"[""ROLE_USER""]","$argon2id$v=19$m=65536,t=4,p=1$a29lN0RKaUtXVTFrbkNnZg$MSPL4rnV0X9GzlWpWVc01saufLhHw+zRUMEhQQGylx0",andrea,andrea,01 22 19 26 30,andrea2020@ecole-eni.fr,1
15,tudbary,"[""ROLE_USER""]","$argon2id$v=19$m=65536,t=4,p=1$djJjMTRwN1dsVW40TXMuVQ$B/w9TBC44DWalpMDzJM8WdvDfivkFoizRU/59kXbcWk",baudry,thierry,539915745,tbaudry2020@ecole-eni.fr,1
14,glerleccq,"[""ROLE_USER""]","$argon2id$v=19$m=65536,t=4,p=1$dU1pZVRqcjdLUlZLOGtLRg$EvApvDkIoly6mqKKizeWJGPClqY114obc4yo0HrEVSo",leclercq,gérard,03 48 97 88 30,gleclercq2020@ecole-eni.fr,1
13,ghugciard,"[""ROLE_USER""]","$argon2id$v=19$m=65536,t=4,p=1$YUsvSnZqVmd1cC5waW1sUQ$Jtu8+v5uauHlsa7Ss7uYj1HoKpyVqdkt4AWUuk3plBA",guichard,guy,06 23 27 27 09,gguichard2020@ecole-eni.fr,1
14,scjpaal,"[""ROLE_USER""]","$argon2id$v=19$m=65536,t=4,p=1$WGdWZVlGbkQ5OS9LVVhjLw$HvGJtWiuFNNr23nrz1WmXCbLFOLsgbgGBQkEpq8xNAM",pascal,joseph,06 56 84 50 74,jpascal2020@ecole-eni.fr,1
15,emary,"[""ROLE_USER""]","$argon2id$v=19$m=65536,t=4,p=1$MlRTOFV4MWFEbmJuckNjRQ$y69jVqJ4zSqPXW3/sRDrSTzFzOil7fneXJjREsVqDxo",remy,andrée,+33 (0)1 83 15 06 04,aremy2020@ecole-eni.fr,1
16,tonlemnier,"[""ROLE_USER""]","$argon2id$v=19$m=65536,t=4,p=1$T2VEVGg5d01zamUwWEZvMQ$ZcV+AnORWawtZG5+0i7Yr3GO5mol2WynseYirsciHAU",lemonnier,thibaut,+33 8 91 08 20 88,tlemonnier2020@ecole-eni.fr,1
15,tnoel,"[""ROLE_USER""]","$argon2id$v=19$m=65536,t=4,p=1$b3ZaM0pVSFllVjMzUk5Lbg$c9Ei3LQPM4D116p/Ps/+rdIUG8O/MEGlJpJTWlOaBSQ",noel,thérèse,07 81 95 70 96,tnoel2020@ecole-eni.fr,1
14,jinelemo,"[""ROLE_USER""]","$argon2id$v=19$m=65536,t=4,p=1$TTR2S3FmODFWRnEuQTVjNA$NY7BcCcj7xqv9Nkx0uS76WyQG/VREtJj4blPzoKMRtY",lemoine,josette,610043697,jlemoine2020@ecole-eni.fr,1
13,dyboer,"[""ROLE_USER""]","$argon2id$v=19$m=65536,t=4,p=1$dk5YdXJGMC9RSzh6NzdSVA$Qlsc1qNK+mueT21nL1Y//38xDMtLNkR/H4/JDp8YDJw",boyer,denise,+33 (0)9 52 82 64 91,dboyer2020@ecole-eni.fr,1
14,aploez,"[""ROLE_USER""]","$argon2id$v=19$m=65536,t=4,p=1$Y2dXVkwubi53MHdVaUpwQw$Ms1ERviWM/Nx96vKl/M4adqttb9rXed22d0VvnGBldI",lopez,aimé,158691814,alopez2020@ecole-eni.fr,1
15,livaette,"[""ROLE_USER""]","$argon2id$v=19$m=65536,t=4,p=1$UlpDRWxxMEVBdi92N2h4Sg$+fxRu6Qk+00w+jYCpj9yTX1zK3AzU700zGW1RgkmpLE",valette,isabelle,565484564,ivalette2020@ecole-eni.fr,1
16,pyloes,"[""ROLE_USER""]","$argon2id$v=19$m=65536,t=4,p=1$bVp2LnFtUWVqcUxkNWpVMQ$0hjCGVKllfgqZjGg3xcK573q/t25mFnnVmb7mh+jBUY",lopes,yves,01 62 01 83 82,ylopes2020@ecole-eni.fr,1
15,mrpeon,"[""ROLE_USER""]","$argon2id$v=19$m=65536,t=4,p=1$aEU5LlZVdWZzWjQuL3lyTw$5uxMNtZHgh6ZctxNa4BD/D+OF5MIGz8GKq7jTTfPS5E",peron,marine,+33 (0)3 73 83 07 05,mperon2020@ecole-eni.fr,1
14,ibmthault,"[""ROLE_USER""]","$argon2id$v=19$m=65536,t=4,p=1$Y2NIanhKbjYxRmdrcGhJMQ$/+7w/upi9jUbNXzRRp0aejcA0Pa2moNGsCcaqAOeK/4",thibault,martine,+33 (0)1 30 06 67 69,mthibault2020@ecole-eni.fr,1
13,vjfaire,"[""ROLE_USER""]","$argon2id$v=19$m=65536,t=4,p=1$alpjS0FRM3JQa3dFLm5sSw$35ecp6OaakFGNeyKSY15UBXZdtwB0BrwfArudHhRTl4",faivre,julie,+33 5 42 48 98 99,jfaivre2020@ecole-eni.fr,1
14,aiturpn,"[""ROLE_USER""]","$argon2id$v=19$m=65536,t=4,p=1$ZUxscEhpODZwSUJ1MHJMdw$FSH+YoeOLe3wkF9sJafauMQt+m8KcoXcIWBt3Y4qQQc",turpin,arthur,01 98 30 25 47,aturpin2020@ecole-eni.fr,1
15,arprchentier,"[""ROLE_USER""]","$argon2id$v=19$m=65536,t=4,p=1$Tk8zWUl2cU1iZlRLT3p2UA$wogT2YPXZKvlXjqWmk2rjOXJra0AFrvvqMyyJmsBB6g",charpentier,renée,+33 (0)2 48 62 59 74,rcharpentier2020@ecole-eni.fr,1
16,ouchlbet,"[""ROLE_USER""]","$argon2id$v=19$m=65536,t=4,p=1$bFZJRU1BeVpuMkpzSjQuSw$bmQ8RT2Gnmlm0r1vh8pBXPsrhbVN9kAcRlzQ0hi1wHg",bouchet,lucie,+33 4 99 39 20 49,lbouchet2020@ecole-eni.fr,1
15,aogtrre,"[""ROLE_USER""]","$argon2id$v=19$m=65536,t=4,p=1$VEM1a1puS3k0enc0bDBDeA$E7lJgUfYVKcDcXWJw4jVhW4p2v13UKSZfsJCfCEfEV8",traore,gabrielle,+33 4 99 62 30 28,gtraore2020@ecole-eni.fr,1
14,gujbee,"[""ROLE_USER""]","$argon2id$v=19$m=65536,t=4,p=1$YzdBbGM5TWdWQmtGOUsyVQ$YXAi8WdhbNoEJ/FyBiK4E9brwWksvXUvftG3WE5ZN5g",begue,julie,410008632,jbegue2020@ecole-eni.fr,1
13,omsamsn,"[""ROLE_USER""]","$argon2id$v=19$m=65536,t=4,p=1$SUk5SFpYNm1HWkFQemQ3ZA$UpG/3cCCTBJcKVh1pS1Tx1Bi/lacjS0oLuLQBoKdP5I",samson,maggie,+33 5 74 22 79 75,msamson2020@ecole-eni.fr,1
14,belhert,"[""ROLE_USER""]","$argon2id$v=19$m=65536,t=4,p=1$Z1RQYi5SZHRMUTVHUlpaSw$NVi5bR8ju5w5ub3OkNc2h/hjcCPw35bwcho+ar51kqA",hebert,louise,330244973,lhebert2020@ecole-eni.fr,1
15,namreult,"[""ROLE_USER""]","$argon2id$v=19$m=65536,t=4,p=1$RERIZEtEbmlSaDcxdGguNA$fzZRQUkOwaXel5diBNON8fyCtFGQSNOh8jaWujX9zz8",renault,marcelle,05 21 40 41 07,mrenault2020@ecole-eni.fr,1
16,angtauy,"[""ROLE_USER""]","$argon2id$v=19$m=65536,t=4,p=1$TFVaZTZvSWhGWC5ibXNVdg$WeWxwpKDYEpxWNRGaP9qP3bzkQ1MFUYZwOO2lAbMhc8",tanguy,adrien,793833247,atanguy2020@ecole-eni.fr,1
15,ymroer,"[""ROLE_USER""]","$argon2id$v=19$m=65536,t=4,p=1$Q0I1dTRXM2hiVTNDRTRybw$zVTOX6rtJ32gD9vwCN3n98F3K5tJVyu19UDACc2tEOo",royer,marianne,04 89 30 75 06,mroyer2020@ecole-eni.fr,1
14,imdaz,"[""ROLE_USER""]","$argon2id$v=19$m=65536,t=4,p=1$NTA3WHNLaFBNUFNKNWl5Uw$ne+TuJuFQpFNAN3gzMYncCy5EwB2Xyn8fLjUBPZuFVY",diaz,margot,+33 5 74 83 59 40,mdiaz2020@ecole-eni.fr,1
13,lsdialo,"[""ROLE_USER""]","$argon2id$v=19$m=65536,t=4,p=1$SVhOZ252OE1vemZueHdxTQ$JclY9MydhgwiYRQnLqHQVw5QsxXlixLaql80V5QWEus",diallo,stéphanie,+33 (0)3 41 07 04 46,sdiallo2020@ecole-eni.fr,1
14,yere,"[""ROLE_USER""]","$argon2id$v=19$m=65536,t=4,p=1$VkZwMjRxeHJnRDF4eGQ2Yg$5iR4HphrOPxFCKoV3xwAj1oYZGzSnRx93y3x+c33BkE",rey,emmanuelle,01 50 74 52 79,erey2020@ecole-eni.fr,1
15,gpseuin,"[""ROLE_USER""]","$argon2id$v=19$m=65536,t=4,p=1$aVo4azcwUGlOWWlvWnBsYw$a6jIPNOcJKj34RcqI9yFKcofDw2I+f514YUOR+7AgkA",seguin,philippe,417904426,pseguin2020@ecole-eni.fr,1
16,sbcote,"[""ROLE_USER""]","$argon2id$v=19$m=65536,t=4,p=1$Z3hHNzJHYVhYamJMajZ3WQ$TqZlwzzVDHziChJhx9OlTb9h+EQ5bkkj0bVUqDP19Vo",coste,benjamin,303334761,bcoste2020@ecole-eni.fr,1
15,julois,"[""ROLE_USER""]","$argon2id$v=19$m=65536,t=4,p=1$c2ZqZFVJZUNwT2JGMmVzTQ$Z/TsEkSFfy0xUNZj7YbZbtrBBy5VaEc4kJ89iQ/9WwU",louis,joséphine,06 01 64 40 27,jlouis2020@ecole-eni.fr,1
14,llvcoet,"[""ROLE_USER""]","$argon2id$v=19$m=65536,t=4,p=1$L1lCSmF1dEt6NVlRYzI5bQ$n68J4FB2OK4HMeY622aRyzAeZ9MiExUXaGA8TJtW3ag",collet,valentine,582418830,vcollet2020@ecole-eni.fr,1
13,hadlocre,"[""ROLE_USER""]","$argon2id$v=19$m=65536,t=4,p=1$NnVtNmcwNEVKNC95cHRXTA$1L97En9Osg9pY4LBnvjdmKGJKbkG3O3p02Tp1WOd290",laroche,daniel,+33 (0)7 33 26 65 78,dlaroche2020@ecole-eni.fr,1
14,bllbae,"[""ROLE_USER""]","$argon2id$v=19$m=65536,t=4,p=1$TUJJS0dab09BMzdNUEpyUg$WikLHVfUi07h35u+iWSnA9tr0gUvG6TwM/LT8lIyLzM",labbe,lorraine,+33 1 95 49 89 01,llabbe2020@ecole-eni.fr,1
15,hafcvuin,"[""ROLE_USER""]","$argon2id$v=19$m=65536,t=4,p=1$a1dNM1ZvZUJxUmxWV1owWA$HXB6VEnvbyItvtLJZt9EImo78IVKBPalF3Cwqd9f+fw",chauvin,françois,05 33 86 98 36,fchauvin2020@ecole-eni.fr,1
16,ramay,"[""ROLE_USER""]","$argon2id$v=19$m=65536,t=4,p=1$OEcycjRldDVnSndmTWRDYw$lnOMJXn4UBWMZcynTEH3NJ2oQXBlinJu0ABJQBdBT1A",mary,adélaïde,418956778,amary2020@ecole-eni.fr,1
15,imdas,"[""ROLE_USER""]","$argon2id$v=19$m=65536,t=4,p=1$TGZNay5kSVZSVkJjYkZRRQ$QgJSM20fg8oNtQRqttRCUlKnfYtRQ/3C/V9cx932pao",dias,marine,08 93 16 97 94,mdias2020@ecole-eni.fr,1
14,rdperot,"[""ROLE_USER""]","$argon2id$v=19$m=65536,t=4,p=1$L1dPalpVZnU0WTh2eGdDMQ$hItKunDmIB8Dp50tmPx2xVwVZ0F0eEShoqmVaoK3p6c",perrot,denis,06 94 07 60 41,dperrot2020@ecole-eni.fr,1
13,amssaon,"[""ROLE_USER""]","$argon2id$v=19$m=65536,t=4,p=1$YTF3V3FlSi9ORjZyZEs1Rg$0qGYkShd+oP2AOQ3lMb+/gerfDVb8W7lJ1E4ceKRGTI",samson,aurore,253928705,asamson2020@ecole-eni.fr,1
14,rghbeer,"[""ROLE_USER""]","$argon2id$v=19$m=65536,t=4,p=1$NE0uN1dkU25CNHM4LklNbA$KE/lrJKla2pczvh3FZQJK3kR8uzvqV+KBipbCCwcZj0",berger,hortense,01 24 09 72 61,hberger2020@ecole-eni.fr,1
15,notleir,"[""ROLE_USER""]","$argon2id$v=19$m=65536,t=4,p=1$ZlIxMWFTdHplRjFGcTNwSg$CuXpgTri7IONjhh67vboUOvSvEpjI9IRJT+hnTgDsL0",lenoir,tristan,+33 (0)7 75 62 78 32,tlenoir2020@ecole-eni.fr,1
16,aglanlois,"[""ROLE_USER""]","$argon2id$v=19$m=65536,t=4,p=1$QXZkNmFrNTdLY25DWmZ1VA$js4UdswC3dXHCgG14rU5cMnFbSZG8J14iHTZ35x2pgA",langlois,arthur,08 00 89 65 33,alanglois2020@ecole-eni.fr,1
15,taanoine,"[""ROLE_USER""]","$argon2id$v=19$m=65536,t=4,p=1$LjlCVWZxRDhDLnBpRXpTNw$B0Ve8PZ+xCFHfJlqdiSJ8GdmDmjdeh2iKusHduAvV+o",antoine,adrien,420158512,aantoine2020@ecole-eni.fr,1
14,eflefvre,"[""ROLE_USER""]","$argon2id$v=19$m=65536,t=4,p=1$Tng1VU01NEE2dTgwZ0VJUw$ExAmje7GS7IMvH0rbzeyq/aqm3yhsrym+AGW62rCBYs",lefevre,frédéric,+33 2 59 79 24 62,flefevre2020@ecole-eni.fr,1
13,grlleos,"[""ROLE_USER""]","$argon2id$v=19$m=65536,t=4,p=1$RjhHODh4dWFzYnpoVkQveA$eIW0BVEEZ0JikHTpPKBgzOSMmy0RNsQ7wZ7n+e+2XEI",legros,luc,937219502,llegros2020@ecole-eni.fr,1
14,erriapn,"[""ROLE_USER""]","$argon2id$v=19$m=65536,t=4,p=1$UkNtbHBSc25KWVROMDNwdw$pNfQql8zsB/CXlCxHnXrEMrRFlYan72uC7Nf60HmOVI",perrin,alain,+33 (0)4 13 88 94 38,aperrin2020@ecole-eni.fr,1
15,upuymd,"[""ROLE_USER""]","$argon2id$v=19$m=65536,t=4,p=1$QVE5MUw2dE13eEJ3R05kVQ$oT0zukdCT3LKjH6SqyxxXeEDJBMul505EkUcrX2eKAY",dupuy,margaud,573801334,mdupuy2020@ecole-eni.fr,1
16,aahme,"[""ROLE_USER""]","$argon2id$v=19$m=65536,t=4,p=1$ZkVxQ09ZQ21tMzVUUXR4Uw$gbuIKW3smX0W5QOyH8PDLw7ntboxVZTri8VrsgFoX/g",mahe,alice,267794016,amahe2020@ecole-eni.fr,1
15,aiberner,"[""ROLE_USER""]","$argon2id$v=19$m=65536,t=4,p=1$WFdQWnBCZmdySlNGSzR6bg$55YQaPOqS3bsiXQWPe0x7nMiFjH1jkoI6MrUomcvA6E",bernier,antoine,09 46 53 21 12,abernier2020@ecole-eni.fr,1
14,egenledre,"[""ROLE_USER""]","$argon2id$v=19$m=65536,t=4,p=1$MHZxMHZTeVlmZ0hzLmpMQg$OKYdqVQQ4Y7wd3sp32RbKN51wbNEnVABPURNze4snfE",legendre,émile,05 38 75 93 18,elegendre2020@ecole-eni.fr,1
13,pcturouier,"[""ROLE_USER""]","$argon2id$v=19$m=65536,t=4,p=1$T3Bpa2xINWd6cm9FUHYxQg$hyY2dL5tYY7Fkc0WIDxpqdXk1BU/yVuyxdrDgFkUKVc",couturier,pierre,06 70 84 72 34,pcouturier2020@ecole-eni.fr,1
14,tuchefor,"[""ROLE_USER""]","$argon2id$v=19$m=65536,t=4,p=1$L2kycTVEaFJhV1I3cmloeQ$34X2I/62XFsKHSX40524hkzLZDVEXWT57p6x/tPZzAw",foucher,thibault,+33 9 45 32 43 82,tfoucher2020@ecole-eni.fr,1
15,mnides,"[""ROLE_USER""]","$argon2id$v=19$m=65536,t=4,p=1$VXhWSGhpZU8yeW1tc01GcA$LIewfeB8gstQ0JFhFftUPRqs+iVXaEU0HwTQoPH7nTU",denis,monique,+33 (0)7 39 46 67 98,mdenis2020@ecole-eni.fr,1
16,cdieverr,"[""ROLE_USER""]","$argon2id$v=19$m=65536,t=4,p=1$OTN6VzN0Z2JJT1RFMzIvOA$6IlqhTs0CHucPc/uHyCQPDRq30ix5E+suD8CF1otxh4",verdier,cécile,09 54 81 64 64,cverdier2020@ecole-eni.fr,1